Lead First Name,Lead Last Name,Company Name,Company Description,Contact Name,Contact Title,LinkedIn URL,Email,First Message,Follow-up Message,Breakaway Message,Sent Date,Stage,Results
,,,,,,,,,,,,"New",,,,,,,,,,
,,,,,,,,,,,,"New",,,,,,,,,,
,,,,,,,,,,,,"New",,,,,,,,,,
,,,,,,,,,,,,"New",,,,,,,,,,
,,,,,,,,,,,,"New",,,,,,,,,,
,,,,,,,,,,,,"New",,,,,,,,,,
,,,,,,,,,,,,"New",,,,,,,,,,
,,,,,,,,,,,,"New",,,,,,,,,,
,,,,,,,,,,,,"New",,,,,,,,,,
,,,,,,,,,,,,"New",,,,,,,,,,
,,,,,,,,,,,,"New",,,,,,,,,,
,,,,,,,,,,,,"New",,,,,,,,,,
,,,,,,,,,,,,"New",,,,,,,,,,
,,,,,,,,,,,,"New",,,,,,,,,,
,,,,,,,,,,,,"New",,,,,,,,,,
,,,,,,,,,,,,"New",,,,,,,,,,
,,,,,,,,,,,,"New",,,,,,,,,,
,,,,,,,,,,,,"New",,,,,,,,,,
,,,,,,,,,,,,"New",,,,,,,,,,
,,,,,,,,,,,,"New",,,,,,,,,,
